company,drug_name,submission_type,submission_number,submission_status,submission_status_date
LUPIN PHARMS,DESLORATADINE,ORIG,1,AP,2010-10-25
AIPING PHARM INC,LAMOTRIGINE,ORIG,1,AP,2009-01-27
CHARTWELL RX,IRINOTECAN HYDROCHLORIDE,ORIG,1,AP,2010-04-15
DR REDDYS LABS INC,NEFAZODONE HYDROCHLORIDE,ORIG,1,AP,2003-09-16
HIKMA,FENOLDOPAM MESYLATE,ORIG,1,AP,2004-10-12
NATCO PHARMA,OLANZAPINE,ORIG,1,AP,2012-04-23
SPECGX LLC,FENTANYL-75,ORIG,1,AP,2011-02-09
DR REDDYS LABS LTD,NATEGLINIDE,ORIG,1,AP,2009-09-09
CARACO,LAMOTRIGINE,ORIG,1,TA,2007-11-09
IMPAX LABS,VENLAFAXINE HYDROCHLORIDE,ORIG,1,TA,2007-10-16
ACTAVIS MID ATLANTIC,HYDROCODONE BITARTRATE AND HOMATROPINE METHYLBROMIDE,ORIG,1,AP,1983-07-05
SUPERPHARM,CHLORDIAZEPOXIDE HYDROCHLORIDE,ORIG,1,AP,1985-04-25
PFIZER,PSORCON E,ORIG,1,AP,1978-03-01
IVAX SUB TEVA PHARMS,ISONIAZID,ORIG,1,AP,1974-01-15
MEDPOINTE PHARM HLC,NEOPASALATE,ORIG,1,AP,1975-08-12
ABBVIE,DEPAKENE,ORIG,1,AP,1978-02-28
HIKMA INTL PHARMS,ISOSORBIDE DINITRATE,ORIG,1,AP,1987-11-02
HOSPIRA,AMINOPHYLLINE,ORIG,1,AP,1983-10-26
VANGARD,SPIRONOLACTONE W/ HYDROCHLOROTHIAZIDE,ORIG,1,AP,1981-12-14
CHARTWELL RX,EFAVIRENZ; EMTRICITABINE AND TENOFOVIR DISOPROXIL FUMARATE,ORIG,1,AP,2023-10-03
APOTEX,FENOFIBRATE (MICRONIZED),ORIG,1,AP,2013-07-26
BOEHRINGER INGELHEIM,ATROVENT,ORIG,1,AP,1986-12-29
LUPIN LTD,LAMIVUDINE AND ZIDOVUDINE,ORIG,1,AP,2012-05-15
PADDOCK LLC,POLYETHYLENE GLYCOL 3350,ORIG,1,AP,2009-10-15
ABBOTT,LIDOCAINE HYDROCHLORIDE,ORIG,1,AP,1988-05-25
ACS DOBFAR SPA,AMPICILLIN SODIUM,ORIG,1,AP,2013-04-03
CHARTWELL MOLECULAR,ACETAMINOPHEN AND CODEINE PHOSPHATE,ORIG,1,AP,2011-11-10
GLENMARK PHARMS LTD,TROSPIUM CHLORIDE,ORIG,1,AP,2010-08-13
WATSON LABS INC,ARMODAFINIL,ORIG,2,TA,2012-08-29
WATSON LABS INC,ARMODAFINIL,ORIG,1,AP,2012-08-29
RUBICON,METOPROLOL TARTRATE,ORIG,1,AP,2014-10-28
NORVIUM BIOSCIENCE,EMTRICITABINE AND TENOFOVIR DISOPROXIL FUMARATE,ORIG,1,AP,2018-04-09
AUROBINDO PHARMA,LO SIMPESSE,ORIG,1,AP,2017-04-28
UMEDICA,CHLORTHALIDONE,ORIG,1,AP,2018-05-24
JUBILANT GENERICS,SILDENAFIL CITRATE,ORIG,1,AP,2025-03-06
ICU MEDICAL INC,SODIUM CHLORIDE 0.9% IN PLASTIC CONTAINER,ORIG,1,AP,1984-07-13
HIKMA,ESTRADIOL VALERATE,ORIG,1,AP,2020-04-21
ALEMBIC,LINEZOLID,ORIG,1,AP,2015-12-21
HIKMA,DESVENLAFAXINE SUCCINATE,ORIG,1,AP,2016-02-16
ZYDUS PHARMS,MYCOPHENOLATE MOFETIL HYDROCHLORIDE,ORIG,1,AP,2017-08-31
ALKEM LABS LTD,FESOTERODINE FUMARATE,ORIG,1,AP,2015-12-10
LUPIN LTD,PITAVASTATIN CALCIUM,ORIG,1,AP,2023-11-20
HOSPIRA,BUSULFAN,ORIG,1,AP,2018-07-31
APOTEX,MACITENTAN,ORIG,1,AP,2024-01-09
ZYDUS PHARMS,TRIENTINE HYDROCHLORIDE,ORIG,1,AP,2019-04-26
HQ SPCLT PHARMA,IMIPENEM AND CILASTATIN,ORIG,1,AP,2019-12-12
MYLAN,FINGOLIMOD HYDROCHLORIDE,ORIG,1,AP,2021-01-19
SAGENT PHARMS INC,DAPTOMYCIN,ORIG,1,AP,2017-09-12
HOSPIRA,PEMETREXED DITROMETHAMINE,ORIG,1,AP,2022-06-10
LUPIN LTD,ATOVAQUONE,ORIG,1,AP,2018-09-11
MYLAN,COLCHICINE,ORIG,1,AP,2019-09-16
ACCORD HLTHCARE INC,BUSULFAN,ORIG,1,AP,2019-02-22
ASCENT PHARMS INC,HYDROMORPHONE HYDROCHLORIDE,ORIG,1,AP,2018-01-17
PIRAMAL CRITICAL,GLYCOPYRROLATE,ORIG,1,AP,2018-10-25
TEVA PHARMS USA INC,LAPATINIB DITOSYLATE,ORIG,1,AP,2024-08-16
THEA PHARMA,IYUZEH,ORIG,1,AP,2022-12-13
MSN,NELARABINE,ORIG,1,AP,2024-09-13
HARROW EYE,VEVYE,ORIG,1,AP,2023-05-30
JANSSEN PHARMS,RISPERDAL,ORIG,1,AP,1993-12-29
GLAND,TOBRAMYCIN,ORIG,1,AP,2021-03-09
VISTAPHARM LLC,DIGOXIN,ORIG,1,AP,2019-10-04
MSN,CLOBAZAM,ORIG,1,AP,2021-05-11
APGDI,MYRBETRIQ GRANULES,ORIG,1,AP,2021-03-25
ACTELION,UPTRAVI,ORIG,1,AP,2021-07-29
STRIDES PHARMA,LEVETIRACETAM,ORIG,1,AP,2023-11-20
PADAGIS ISRAEL,DAPSONE,ORIG,1,AP,2023-10-31
BIONPHARMA,LOPERAMIDE HYDROCHLORIDE,ORIG,1,AP,2021-10-22
LUPIN,MIDOSTAURIN,ORIG,1,AP,2024-05-10
VANDA PHARMS INC,FANAPT,ORIG,1,AP,2009-05-06
KENVUE BRANDS,ZYRTEC ALLERGY,ORIG,1,AP,2010-09-03
ZYDUS LIFESCIENCES,KETOCONAZOLE,ORIG,1,AP,2025-03-07
MERCK SHARP DOHME,WINREVAIR,ORIG,1,AP,2024-03-26
SERONO INC,NOVANTRONE,ORIG,1,AP,2000-10-13
ORGANON,ZETIA,ORIG,1,AP,2002-10-25
KENVUE BRANDS,MEN'S ROGAINE,ORIG,1,AP,2006-01-20
BARR,HYDROCODONE BITARTRATE AND ACETAMINOPHEN,ORIG,1,AP,2000-07-26
HIKMA INTL PHARMS,ISOSORBIDE DINITRATE,ORIG,1,AP,2007-01-10
EPIC PHARMA LLC,OXYCODONE AND ASPIRIN,ORIG,1,AP,2020-07-16
BAUSCH,NORGESIC FORTE,ORIG,1,AP,1964-03-04
ORGANON USA INC,MAXIBOLIN,ORIG,1,AP,1965-01-07
HOSPIRA,METHYLDOPATE HYDROCHLORIDE,ORIG,1,AP,1987-06-15
WYETH AYERST,CEFPIRAMIDE SODIUM,ORIG,1,AP,1989-01-31
DOW PHARM,NEO-POLYCIN,ORIG,1,AP,1954-04-19
APOTEX,CYCLOSPORINE,ORIG,1,AP,2002-05-09
HIKMA,CEFADROXIL,ORIG,1,AP,2006-02-07
SAVAGE LABS,MYTREX F,ORIG,1,AP,1985-10-08
HOSPIRA,ACETYLCYSTEINE,ORIG,1,AP,2007-11-20
WATSON LABS,IBUPROFEN,ORIG,1,AP,1987-09-04
PLIVA,VERAPAMIL HYDROCHLORIDE,ORIG,1,AP,1989-01-26
TEVA,TORSEMIDE,ORIG,1,AP,2002-05-14
SUN PHARM INDS INC,TICLOPIDINE HYDROCHLORIDE,ORIG,1,AP,2002-09-26
TEVA PARENTERAL,CALCITRIOL,ORIG,1,AP,2003-03-31
SUN PHARM INDUSTRIES,MINOXIDIL,ORIG,1,AP,1995-12-13
TEVA,KETOPROFEN,ORIG,1,AP,1992-12-22
TEVA PHARMS USA,ETOPOSIDE,ORIG,1,AP,1994-02-10
P AND L,MINOXIDIL (FOR MEN),ORIG,1,AP,1996-04-05
VALEANT,PHRENILIN WITH CAFFEINE AND CODEINE,ORIG,1,AP,2001-08-22
MYLAN TECHNOLOGIES,ESTRADIOL,ORIG,1,AP,2000-02-24
CIPLA LTD,ZIDOVUDINE,ORIG,1,AP,2007-05-23
MYLAN LABS LTD,FAMOTIDINE PRESERVATIVE FREE,ORIG,1,AP,2008-06-25
APOTEX,BUDESONIDE,ORIG,1,AP,2014-05-12
ROXANE,TOPIRAMATE,ORIG,1,TA,2003-09-08
MYLAN PHARMS INC,MIDODRINE HYDROCHLORIDE,ORIG,1,AP,2003-09-10
BARR,METFORMIN HYDROCHLORIDE,ORIG,1,AP,2004-10-14
WOODWARD,MILRINONE LACTATE IN DEXTROSE 5% IN PLASTIC CONTAINER,ORIG,1,AP,2005-07-20
HIKMA,RANITIDINE HYDROCHLORIDE,ORIG,1,AP,2006-02-16
HOSPIRA,CIPROFLOXACIN IN DEXTROSE 5% IN PLASTIC CONTAINER,ORIG,1,AP,2008-03-18
RANBAXY LABS LTD,SERTRALINE HYDROCHLORIDE,ORIG,1,TA,2006-11-30
VANGARD,ERGOLOID MESYLATES,ORIG,1,AP,1982-09-20
ANI PHARMS,PROCAINAMIDE HYDROCHLORIDE,ORIG,1,AP,1985-07-22
SOLVAY,SULSOXIN,ORIG,1,AP,1972-06-15
PURACAP PHARM,METHOCARBAMOL,ORIG,1,AP,1974-10-22
LANNETT,BETHANECHOL CHLORIDE,ORIG,1,AP,1975-07-29
OTSUKA ICU MEDCL,GLYCINE 1.5% IN PLASTIC CONTAINER,ORIG,1,AP,1980-02-22
SUN PHARM INDS INC,BACTRIM,ORIG,1,AP,1981-06-23
RISING,EZETIMIBE,ORIG,1,AP,2019-04-26
XIROMED,LEVONORGESTREL AND ETHINYL ESTRADIOL,ORIG,1,AP,2014-12-08
MACLEODS PHARMS LTD,LAMIVUDINE; NEVIRAPINE; ZIDOVUDINE,ORIG,1,TA,2012-02-08
MYLAN LABS LTD,VECURONIUM BROMIDE,ORIG,1,AP,2010-05-11
CIPLA,ZIDOVUDINE,ORIG,1,AP,2010-10-27
ANDA REPOSITORY,HYDRALAZINE HYDROCHLORIDE,ORIG,1,AP,1986-07-25
SUN PHARM,RISEDRONATE SODIUM,ORIG,1,AP,2014-06-10
SUN PHARM,RISEDRONATE SODIUM,ORIG,2,AP,2015-11-30
TEVA PHARMS USA,AMLODIPINE BESYLATE AND VALSARTAN,ORIG,1,AP,2015-03-30
APOTEX INC,OLOPATADINE HYDROCHLORIDE,ORIG,1,AP,2014-10-08
ORGANON,LIPTRUZET,ORIG,1,AP,2013-05-03
AMNEAL PHARMS,"PROMETHAZINE HYDROCHLORIDE,PHENYLEPHRINE HYDROCHLORIDE W/CODEINE PHOSPHATE",ORIG,1,AP,2015-08-26
CADILA PHARMS LTD,NATEGLINIDE,ORIG,1,AP,2019-04-19
EPIC PHARMA LLC,NYSTATIN AND TRIAMCINOLONE ACETONIDE,ORIG,1,AP,2017-08-04
NOSTRUM LABS INC,METHYLPHENIDATE HYDROCHLORIDE,ORIG,1,AP,2017-03-03
ALEMBIC,DULOXETINE HYDROCHLORIDE,ORIG,1,AP,2014-06-09
P AND L,CHILDREN'S FEXOFENADINE HYDROCHLORIDE ALLERGY,ORIG,1,AP,2014-11-18
FRESENIUS KABI,PIPERACILLIN AND TAZOBACTAM,ORIG,1,AP,2018-05-18
TWI PHARMS,DILTIAZEM HYDROCHLORIDE,ORIG,1,AP,2018-08-30
EXELA PHARMA,BLOXIVERZ,ORIG,1,AP,2013-05-31
XTTRIUM,EXIDINE,ORIG,1,AP,1985-12-17
PATRIN,CYPROHEPTADINE HYDROCHLORIDE,ORIG,1,AP,2016-12-27
MURO,VOLMAX,ORIG,1,AP,1992-12-23
SMITHKLINE BEECHAM,DYNACIRC,ORIG,1,AP,1990-12-20
ALEMBIC,CLOBETASOL PROPIONATE,ORIG,1,AP,2019-10-02
MICRO LABS,LEVOCETIRIZINE DIHYDROCHLORIDE,ORIG,1,AP,2018-11-20
INTL MEDICATION SYS,EPINEPHRINE,ORIG,1,AP,2020-04-24
AMNEAL PHARMS CO,LURASIDONE HYDROCHLORIDE,ORIG,1,AP,2019-01-03
MEDICURE,ZYPITAMAG,ORIG,1,AP,2017-07-14
RADIUS,TYMLOS,ORIG,1,AP,2017-04-28
CHARTWELL RX,METHYLPREDNISOLONE,ORIG,1,AP,2019-02-22
ZYDUS PHARMS,SUCCINYLCHOLINE CHLORIDE,ORIG,1,AP,2018-05-04
PIRAMAL,CLOBAZAM,ORIG,1,AP,2018-10-22
TEVA PHARMS USA INC,APIXABAN,ORIG,1,TA,2020-07-02
HETERO LABS LTD III,DIMETHYL FUMARATE,ORIG,1,AP,2020-09-24
XIROMED,TESTOSTERONE,ORIG,1,AP,2020-04-16
UBI,LEUPROLIDE ACETATE,ORIG,1,AP,2024-10-17
ENCUBE,CLINDAMYCIN PHOSPHATE AND TRETINOIN,ORIG,1,AP,2023-09-01
RICONPHARMA LLC,COLESTIPOL HYDROCHLORIDE,ORIG,1,AP,2024-12-03
CHIESI,FERRIPROX,ORIG,1,AP,2020-05-19
SPECGX LLC,VIGABATRIN,ORIG,1,AP,2021-07-28
LANNETT CO INC,CHLORPROMAZINE HYDROCHLORIDE,ORIG,1,AP,2021-01-22
AJANTA PHARMA LTD,TOLTERODINE TARTRATE,ORIG,1,AP,2020-05-19
PRAXGEN,LEVOLEUCOVORIN CALCIUM,ORIG,1,AP,2021-11-02
CHIESI,ZYFLO,ORIG,1,AP,1996-12-09
ZYDUS LIFESCIENCES,VIGABATRIN,ORIG,1,AP,2023-03-02
FRESENIUS KABI USA,NAROPIN,ORIG,1,AP,1996-09-24
CHENGDU SHUODE,NALMEFENE HYDROCHLORIDE,ORIG,1,AP,2023-11-15
LEO PHARMA AS,TACLONEX,ORIG,1,AP,2008-05-09
BAYER HLTHCARE,SAFYRAL,ORIG,1,AP,2010-12-16
STERISCIENCE PTE. LIMITED,SELENIOUS ACID,ORIG,1,TA,2025-04-28
CELLTRION,ZYMFENTRA,ORIG,1,AP,2023-10-20
HALEON US HOLDINGS,ADVIL ALLERGY SINUS,ORIG,1,AP,2002-12-19
TEVA PHARMS,VANDAZOLE,ORIG,1,AP,2005-05-20
HOSPIRA,MEPERIDINE HYDROCHLORIDE PRESERVATIVE FREE,ORIG,1,AP,1999-03-10
OXFORD PHARMS,PRIMIDONE,ORIG,1,AP,2005-02-24
UNICHEM,HYDROCHLOROTHIAZIDE,ORIG,1,AP,2008-08-15
ACCORD HLTHCARE,METHYLDOPA,ORIG,1,AP,1985-10-15
PFIZER,DOXORUBICIN HYDROCHLORIDE,ORIG,1,AP,1987-12-23
BAXTER HLTHCARE,ANCEF IN PLASTIC CONTAINER,ORIG,1,AP,1991-03-28
MEITHEAL,DAUNORUBICIN HYDROCHLORIDE,ORIG,1,AP,2000-01-24
AUROBINDO PHARMA,CEFUROXIME AXETIL,ORIG,1,AP,2006-03-29
GE HEALTHCARE,HYPAQUE,ORIG,1,AP,1969-08-21
BARR,TRI-LEGEST FE,ORIG,1,AP,2007-10-26
SUN PHARM INDS LTD,NALOXONE HYDROCHLORIDE AND PENTAZOCINE HYDROCHLORIDE,ORIG,1,AP,2000-03-17
BAJAJ,AMANTADINE HYDROCHLORIDE,ORIG,1,AP,2002-09-11
LEDERLE,HETRAZAN,ORIG,1,AP,1950-11-13
BRISTOL MYERS SQUIBB,PROLIXIN DECANOATE,ORIG,1,AP,1972-06-20
WATSON LABS INC,DOBUTAMINE HYDROCHLORIDE,ORIG,1,AP,1998-02-18
WATSON LABS,INDAPAMIDE,ORIG,1,AP,1996-09-26
ACTAVIS ELIZABETH,ACYCLOVIR,ORIG,1,AP,1997-08-26
BEDFORD,KETOROLAC TROMETHAMINE,ORIG,1,AP,1999-10-25
APOTEX,OLOPATADINE HYDROCHLORIDE,ORIG,1,AP,2015-12-07
AUROBINDO PHARMA,CYCLOBENZAPRINE HYDROCHLORIDE,ORIG,1,AP,2008-09-26
BAXTER HLTHCARE CORP,METOPROLOL TARTRATE,ORIG,1,AP,2013-04-29
ACTAVIS LABS FL INC,MIRTAZAPINE,ORIG,1,AP,2003-12-17
RISING,ZOLPIDEM TARTRATE,ORIG,1,AP,2007-04-23
TEVA,METFORMIN HYDROCHLORIDE,ORIG,1,AP,2005-04-12
LANNETT CO INC,TERBUTALINE SULFATE,ORIG,1,AP,2005-03-25
HIKMA,LOSARTAN POTASSIUM,ORIG,1,AP,2010-10-06
OXFORD PHARMS,LORAZEPAM,ORIG,1,AP,2006-05-10
SUN PHARM INDS LTD,ZOLPIDEM TARTRATE,ORIG,1,AP,2007-04-23
SUPERPHARM,CHLORDIAZEPOXIDE HYDROCHLORIDE,ORIG,1,AP,1985-04-25
SOLVAY,BUTABARBITAL SODIUM,ORIG,1,AP,1974-06-14
SANDOZ,NITROFURANTOIN,ORIG,1,AP,1970-11-25
ABC HOLDING,HYDRO-RESERP,ORIG,1,AP,1979-11-20
FOREST LABS,SUS-PHRINE SULFITE FREE,ORIG,1,AP,1951-06-08
B BRAUN,ISOLYTE M W/ DEXTROSE 5% IN PLASTIC CONTAINER,ORIG,1,AP,1980-10-03
ALPHARMA US PHARMS,CHLORPROMAZINE HYDROCHLORIDE,ORIG,1,AP,1980-11-10
ELKINS SINN,AMINOPHYLLINE,ORIG,1,AP,1981-02-11
MUTUAL PHARM,ACETAMINOPHEN AND CODEINE PHOSPHATE,ORIG,1,AP,1982-04-13
ENDO OPERATIONS,LAMOTRIGINE,ORIG,1,AP,2013-01-18
ELITE LABS,PHENTERMINE HYDROCHLORIDE,ORIG,1,AP,2012-09-28
AVET LIFESCIENCES,LEVOFLOXACIN,ORIG,1,AP,2013-01-24
CHARTWELL,MEMANTINE HYDROCHLORIDE,ORIG,1,AP,2018-07-11
MICRO LABS,MEFENAMIC ACID,ORIG,1,AP,2010-11-19
EPIC PHARMA LLC,LATANOPROST,ORIG,1,AP,2011-07-19
ALEMBIC PHARMS LTD,IRBESARTAN,ORIG,1,AP,2012-10-15
PADAGIS US,TROSPIUM CHLORIDE,ORIG,1,AP,2010-11-17
SANDOZ INC,CISATRACURIUM BESYLATE PRESERVATIVE FREE,ORIG,1,AP,2012-02-03
NORVIUM BIOSCIENCE,OXALIPLATIN,ORIG,1,AP,2012-08-08
AUROBINDO PHARMA,CLOZAPINE,ORIG,1,AP,2016-11-29
AUROBINDO PHARMA LTD,ICLEVIA,ORIG,1,AP,2018-06-29
SCIEGEN PHARMS INC,CLOBETASOL PROPIONATE,ORIG,1,AP,2017-04-28
AVET LIFESCIENCES,PALONOSETRON HYDROCHLORIDE,ORIG,1,AP,2021-06-29
INVENTIA HLTHCARE,VENLAFAXINE HYDROCHLORIDE,ORIG,1,AP,2020-03-12
FRESENIUS KABI,PIPERACILLIN AND TAZOBACTAM,ORIG,1,AP,2018-05-11
ETHITEK,MOCTANIN,ORIG,1,AP,1985-10-29
ACTAVIS LABS FL INC,NAPROXEN AND ESOMEPRAZOLE MAGNESIUM,ORIG,1,AP,2022-08-24
OTTER PHARMS,OTREXUP,ORIG,2,AP,2013-10-11
OTTER PHARMS,OTREXUP,ORIG,1,AP,2013-10-11
LUPIN LTD,BROMFENAC SODIUM,ORIG,1,AP,2023-11-22
AMNEAL,AZITHROMYCIN,ORIG,1,AP,2018-07-19
SERVIER,TIBSOVO,ORIG,1,AP,2018-07-20
ZYDUS LIFESCIENCES,CYCLOPHOSPHAMIDE,ORIG,1,AP,2023-12-13
CIPLA,FOSFOMYCIN TROMETHAMINE,ORIG,1,AP,2022-01-26
WATSON LABS TEVA,LEVOTHYROXINE SODIUM,ORIG,1,AP,2022-05-10
PRINSTON INC,FINGOLIMOD HYDROCHLORIDE,ORIG,1,AP,2022-09-07
WOCKHARDT BIO AG,ABIRATERONE ACETATE,ORIG,1,AP,2019-02-27
ACCORD HLTHCARE INC,TIGECYCLINE,ORIG,1,AP,2018-01-18
SOMERSET THERAPS LLC,HALOPERIDOL DECANOATE,ORIG,1,AP,2018-07-03
LANNETT CO INC,DEXMETHYLPHENIDATE HYDROCHLORIDE,ORIG,1,AP,2017-09-25
IMPAX,APIXABAN,ORIG,1,AP,2025-02-14
SPIL,NIFEDIPINE,ORIG,1,AP,2019-04-16
BEXIMCO PHARMS USA,CARBIDOPA,ORIG,1,AP,2023-12-11
APOTEX,LISDEXAMFETAMINE DIMESYLATE,ORIG,1,AP,2023-08-25
ASPIRO,OLANZAPINE,ORIG,1,AP,2023-03-22
VERTEX PHARMS INC,TRIKAFTA (COPACKAGED),ORIG,1,AP,2019-10-21
UMEDICA,NEOSTIGMINE METHYLSULFATE,ORIG,1,AP,2022-11-03
LANNETT CO INC,DOXEPIN HYDROCHLORIDE,ORIG,1,AP,2020-07-24
EPIZYME INC,TAZVERIK,ORIG,1,AP,2020-06-18
ALMIRALL,AZELEX,ORIG,1,AP,1995-09-13
ABON PHARMS LLC,ATOVAQUONE,ORIG,1,AP,2021-10-25
JANSSEN PHARMS,TOPAMAX,ORIG,1,AP,1996-12-24
METHODIST,AMMONIA N 13,ORIG,1,AP,2021-07-09
AMNEAL PHARMS,SUCRALFATE,ORIG,1,AP,2022-04-15
ACCORD HLTHCARE,CLOBAZAM,ORIG,1,AP,2022-09-06
LONG GROVE PHARMS,AK-FLUOR 25%,ORIG,1,AP,2008-08-08
SHIRE HUMAN GENETIC,VPRIV,ORIG,1,AP,2010-02-26
GRAVITI PHARMS,SPIRONOLACTONE,ORIG,1,AP,2025-01-23
ALEMBIC,NELARABINE,ORIG,1,AP,2024-08-01
TAKEDA PHARMS USA,ENTYVIO,ORIG,1,AP,2024-04-18
HOSPIRA,CALCIUM CHLORIDE 10% IN PLASTIC CONTAINER,ORIG,1,AP,2000-01-28
ASPEN,ENJUVIA,ORIG,1,AP,2004-05-10
MAYNE PHARMA COMMRCL,SOLTAMOX,ORIG,1,AP,2005-10-29
LANNETT CO INC,METADATE ER,ORIG,1,AP,1999-10-20
SUN PHARM INDS INC,BENZONATATE,ORIG,1,AP,2008-03-19
VINTAGE PHARMS,PROPOXYPHENE HYDROCHLORIDE,ORIG,1,AP,2009-07-17
MERCK,PRIMAXIN,ORIG,1,AP,1990-12-14
WATSON LABS INC,NAFCILLIN SODIUM,ORIG,1,AP,1988-09-29
MEITHEAL,IDARUBICIN HYDROCHLORIDE,ORIG,1,AP,2002-05-01
CHARTWELL RX,CEFADROXIL,ORIG,1,AP,2006-09-18
AM REGENT,DROPERIDOL,ORIG,1,AP,1988-10-24
HOSPIRA,AMIODARONE HYDROCHLORIDE,ORIG,1,AP,2002-10-15
RISING,LABETALOL HYDROCHLORIDE,ORIG,1,AP,1999-11-29
ACTAVIS LABS FL INC,FLUTAMIDE,ORIG,1,AP,2001-09-18
BAXTER HLTHCARE,DEXTROSE 5% IN SODIUM CHLORIDE 0.9% IN PLASTIC CONTAINER,ORIG,1,AP,1970-12-09
HOSPIRA,MORPHINE SULFATE,ORIG,1,AP,1992-09-30
HOSPIRA,LORAZEPAM,ORIG,1,AP,1994-05-27
ACTAVIS MID ATLANTIC,M-ZOLE 7 DUAL PACK,ORIG,1,AP,1997-07-17
SANDOZ,ALPRAZOLAM,ORIG,1,AP,1998-03-25
LGM PHARMA,"BUTALBITAL, ASPIRIN, CAFFEINE, AND CODEINE PHOSPHATE",ORIG,1,AP,2001-11-30
DASH PHARMS,DESLORATADINE,ORIG,1,AP,2012-02-10
PRINSTON INC,NEVIRAPINE,ORIG,1,AP,2012-05-22
HIKMA PHARMS,GLIMEPIRIDE,ORIG,1,AP,2013-08-01
ACTAVIS ELIZABETH,MIRTAZAPINE,ORIG,1,AP,2003-06-20
RANBAXY LABS LTD,FOSINOPRIL SODIUM,ORIG,1,AP,2004-04-23
NESHER PHARMS,FLUTICASONE PROPIONATE,ORIG,1,AP,2004-09-10
SUN PHARM INDS LTD,LORATADINE REDIDOSE,ORIG,1,AP,2007-04-11
COSETTE,ROPINIROLE HYDROCHLORIDE,ORIG,1,AP,2008-05-05
IMPAX LABS INC,LEVALBUTEROL HYDROCHLORIDE,ORIG,1,AP,2008-04-09
ACTAVIS ELIZABETH,ALPRAZOLAM,ORIG,1,AP,2007-02-13
SUPERPHARM,CHLORDIAZEPOXIDE HYDROCHLORIDE,ORIG,1,AP,1985-04-25
IMPAX LABS,HYDROCHLOROTHIAZIDE,ORIG,1,AP,1977-08-19
SANDOZ,PROPOXYPHENE COMPOUND 65,ORIG,1,AP,1970-12-22
HOSPIRA,DOPAMINE HYDROCHLORIDE,ORIG,1,AP,1981-05-19
BAYER HEALTHCARE LLC,MYCELEX,ORIG,1,AP,1979-01-15
NESHER PHARMS,MICRO-K,ORIG,1,AP,1980-10-17
HIKMA INTL PHARMS,ISOSORBIDE DINITRATE,ORIG,1,AP,1987-10-29
LUITPOLD,AMINOPHYLLINE,ORIG,1,AP,1981-04-16
VANGARD,ACETAZOLAMIDE,ORIG,1,AP,1982-02-05
AVET LIFESCIENCES,ZOLEDRONIC ACID,ORIG,1,AP,2013-03-29
WATSON LABS INC,NITROFURANTOIN (MONOHYDRATE/MACROCRYSTALS),ORIG,1,AP,2015-07-08
TARO,DESLORATADINE,ORIG,1,AP,2015-06-30
LUPIN,AMLODIPINE BESYLATE AND VALSARTAN,ORIG,1,AP,2015-03-30
GRANULES INDIA,METFORMIN HYDROCHLORIDE,ORIG,1,AP,2010-04-22
MARKSANS PHARMA,METFORMIN HYDROCHLORIDE,ORIG,1,AP,2012-03-12
MARKSANS PHARMA,IBUPROFEN,ORIG,1,AP,2011-02-08
ALCON,BRIMONIDINE TARTRATE; TIMOLOL MALEATE,ORIG,1,TA,2010-08-03
TORRENT,MEMANTINE HYDROCHLORIDE,ORIG,1,AP,2015-10-13
XIROMED,NORETHINDRONE,ORIG,1,AP,2013-06-12
ACCORD HLTHCARE,ROSUVASTATIN CALCIUM,ORIG,1,AP,2016-10-31
AUROBINDO PHARMA,SIMPESSE,ORIG,1,AP,2017-04-07
YAOPHARMA CO LTD,DULOXETINE HYDROCHLORIDE,ORIG,1,AP,2019-08-16
FOUGERA PHARMS,BETAMETHASONE DIPROPIONATE,ORIG,1,AP,1984-06-26
HOSPIRA,M.V.I.-12 ADULT,ORIG,1,AP,1953-02-20
ZYDUS PHARMS,PERPHENAZINE,ORIG,1,AP,2020-04-06
LUPIN LTD,MOXIFLOXACIN HYDROCHLORIDE,ORIG,1,AP,2015-05-28
MIPS CRF,FLUDEOXYGLUCOSE F18,ORIG,1,AP,2015-09-11
HOSPIRA,DEXTROSE 5% IN PLASTIC CONTAINER,ORIG,1,AP,1985-07-15
LUPIN LTD,MEMANTINE HYDROCHLORIDE,ORIG,1,AP,2016-09-28
PRINSTON INC,FOSINOPRIL SODIUM,ORIG,1,AP,2016-08-29
FRESENIUS KABI USA,DEXTROSE 5% AND SODIUM CHLORIDE 0.3% IN PLASTIC CONTAINER,ORIG,1,AP,2020-08-26
MEDEFIL INC,CALCIUM CHLORIDE 10%,ORIG,1,AP,2019-05-01
BAUSCH,ARAZLO,ORIG,1,AP,2019-12-18
LEO PHARMA AS,ENSTILAR,ORIG,1,AP,2015-10-16
ALKEM LABS LTD,FINGOLIMOD HYDROCHLORIDE,ORIG,1,AP,2020-12-30
PORTOLA PHARMS INC,BEVYXXA,ORIG,1,AP,2017-06-23
SALIX,TRULANCE,ORIG,1,AP,2017-01-19
RUBICON,BACLOFEN,ORIG,1,AP,2017-11-28
ALEMBIC,MOXIFLOXACIN HYDROCHLORIDE,ORIG,1,AP,2019-02-13
DEVA HOLDING AS,CYCLOSPORINE,ORIG,1,AP,2024-05-21
DR REDDYS,TADALAFIL,ORIG,1,AP,2019-02-05
LAURUS LABS LTD,CANAGLIFLOZIN,ORIG,1,TA,2022-01-28
AMNEAL,NOREPINEPHRINE BITARTRATE,ORIG,1,AP,2018-12-17
LAURUS,GABAPENTIN,ORIG,1,AP,2024-04-08
FRESENIUS KABI USA,VERAPAMIL HYDROCHLORIDE,ORIG,1,AP,2024-04-23
AUROBINDO PHARMA LTD,ERTUGLIFLOZIN,ORIG,1,AP,2023-07-13
INVAGEN PHARMS,OSELTAMIVIR PHOSPHATE,ORIG,1,AP,2023-10-03
ANNORA PHARMA,VENLAFAXINE HYDROCHLORIDE,ORIG,1,AP,2019-07-08
ROXANE,ORLAAM,ORIG,1,AP,1993-07-09
EMD SERONO INC,GLUCOPHAGE,ORIG,1,AP,1995-03-03
LEGACY PHARMA USA,ZANAFLEX,ORIG,1,AP,1996-11-27
RUBICON,TIZANIDINE HYDROCHLORIDE,ORIG,1,AP,2020-05-27
AZURITY,ZONISADE,ORIG,1,AP,2022-07-15
ALKEM LABS LTD,LACOSAMIDE,ORIG,1,AP,2022-05-19
FLORIDA,ABIRATERONE ACETATE,ORIG,1,AP,2023-03-23
ZYDUS PHARMS,PREGABALIN,ORIG,1,AP,2022-08-26
CHARTWELL RX,FLUDROCORTISONE ACETATE,ORIG,1,AP,2022-10-27
JANSSEN R AND D,INTELENCE,ORIG,1,AP,2008-01-18
GILEAD SCIENCES INC,VIREAD,ORIG,1,AP,2012-01-18
MACLEODS PHARMS LTD,ZONISAMIDE,ORIG,1,AP,2025-05-12
MICRO LABS,ARFORMOTEROL TARTRATE,ORIG,1,AP,2025-03-07
SANDOZ INC,JUBBONTI,ORIG,1,AP,2024-03-05
BAUSCH LOMB IRELAND,VISUDYNE,ORIG,1,AP,2000-04-12
JANSSEN PHARMS,RISPERDAL,ORIG,1,AP,2003-04-02
NOVO NORDISK INC,NOVOLOG MIX 50/50,ORIG,1,AP,2008-08-26
BARR,HYDROCODONE BITARTRATE AND ACETAMINOPHEN,ORIG,1,AP,2000-07-26
MIKART,ERGOTAMINE TARTRATE AND CAFFEINE,ORIG,1,AP,2005-09-16
CITRUSPHRMA,SODIUM POLYSTYRENE SULFONATE,ORIG,1,AP,2008-12-03
COSETTE,BETA-VAL,ORIG,1,AP,1985-06-27
RANBAXY,AVENTYL,ORIG,1,AP,1964-11-06
BRISTOL MYERS SQUIBB,AZACTAM IN PLASTIC CONTAINER,ORIG,1,AP,1989-05-24
ZYDUS,MINOCYCLINE HYDROCHLORIDE,ORIG,1,AP,1992-03-02
TEVA PARENTERAL,IDARUBICIN HYDROCHLORIDE,ORIG,1,AP,2002-05-01
SANDOZ,AMPICILLIN AND SULBACTAM,ORIG,1,AP,2006-07-25
MEDIMETRIKS PHARMS,SYNALAR,ORIG,1,AP,1964-05-27
GLAXOSMITHKLINE LLC,DYAZIDE,ORIG,1,AP,1965-12-02
PLIVA,VERAPAMIL HYDROCHLORIDE,ORIG,1,AP,1989-01-26
APOTEX,KETOROLAC TROMETHAMINE,ORIG,1,AP,2009-11-05
SCIEGEN PHARMS INC,FLUOXETINE HYDROCHLORIDE,ORIG,1,AP,2002-06-27
GLAXOSMITHKLINE,LORATADINE,ORIG,1,AP,2003-02-10
DAVA PHARMS INC,PRAZOSIN HYDROCHLORIDE,ORIG,1,AP,1989-03-15
TEVA,KETOPROFEN,ORIG,1,AP,1992-12-22
HOSPIRA,LORAZEPAM,ORIG,1,AP,1994-05-27
RISING,VERAPAMIL HYDROCHLORIDE,ORIG,1,AP,1996-03-23
MYLAN,DILTIAZEM HYDROCHLORIDE,ORIG,1,AP,1997-05-02
L PERRIGO CO,LOPERAMIDE HYDROCHLORIDE,ORIG,1,AP,2000-01-06
MYLAN SPECIALITY LP,LEVALBUTEROL HYDROCHLORIDE,ORIG,1,AP,2009-03-20
NAVINTA LLC,ROPIVACAINE HYDROCHLORIDE,ORIG,1,AP,2014-07-17
ZYDUS PHARMS USA INC,GLIPIZIDE AND METFORMIN HYDROCHLORIDE,ORIG,1,AP,2011-01-31
CHARTWELL INJECTABLE,DOXAPRAM HYDROCHLORIDE,ORIG,1,AP,2003-01-10
DR REDDYS LABS LTD,OLANZAPINE,ORIG,1,AP,2011-10-24
AMNEAL PHARMS,BENAZEPRIL HYDROCHLORIDE,ORIG,1,AP,2006-02-03
SANOFI AVENTIS US,DIABETA,ORIG,1,AP,1984-05-01
PFIZER,AZULFIDINE EN-TABS,ORIG,1,AP,1950-06-20
OTSUKA ICU MEDCL,DEXTROSE 5% AND LACTATED RINGER'S IN PLASTIC CONTAINER,ORIG,1,AP,1975-08-13
ANI PHARMS,OXCARBAZEPINE,ORIG,1,AP,2007-12-11
USL PHARMA,MYIDYL,ORIG,1,AP,1983-01-18
HOSPIRA,LIDOCAINE HYDROCHLORIDE,ORIG,1,AP,1984-05-16
WATSON LABS,AMITRIPTYLINE HYDROCHLORIDE,ORIG,1,AP,1984-03-02
TEVA,HYDROCHLOROTHIAZIDE,ORIG,1,AP,1985-02-07
WATSON LABS TEVA,ESTROPIPATE,ORIG,1,AP,1993-09-23
RISING,MEMANTINE HYDROCHLORIDE,ORIG,1,AP,2015-01-30
FRESENIUS KABI USA,THIAMINE HYDROCHLORIDE,ORIG,1,AP,1972-06-20
SOLA BARNES HIND,SODIUM SULFACETAMIDE,ORIG,1,AP,1974-11-01
USL PHARMA,CHLORDIAZEPOXIDE HYDROCHLORIDE,ORIG,1,AP,1976-02-24
HIKMA INTL PHARMS,METHOCARBAMOL,ORIG,1,AP,1976-08-18
WATSON LABS,METHYLPREDNISOLONE ACETATE,ORIG,1,AP,1979-03-14
WHITBY,THEOBID,ORIG,1,AP,1985-03-20
BARR,DIPYRIDAMOLE,ORIG,1,AP,1980-09-29
HOSPIRA,AMINOPHYLLINE,ORIG,1,AP,1982-07-23
IPCA LABS LTD,LOSARTAN POTASSIUM AND HYDROCHLOROTHIAZIDE,ORIG,1,AP,2013-03-01
ONESOURCE SPECIALTY,AMPICILLIN AND SULBACTAM,ORIG,1,AP,2014-04-07
SIGMAPHARM LABS LLC,"GRISEOFULVIN,ULTRAMICROSIZE",ORIG,1,AP,2012-10-22
ABBVIE,DEPAKOTE,ORIG,1,AP,1983-03-10
NOSTRUM LABS INC,LEVETIRACETAM,ORIG,1,AP,2011-08-18
MALLINCKRODT IRELAND,ACTHAR GEL,ORIG,1,AP,1952-04-29
AM REGENT,PROGESTERONE,ORIG,1,AP,2009-06-22
DR REDDYS LABS LTD,ZOLEDRONIC ACID,ORIG,1,TA,2011-09-27
FRESENIUS KABI USA,ZOLEDRONIC ACID,ORIG,1,AP,2015-04-23
ELI LILLY AND CO,TALTZ,ORIG,1,AP,2016-03-22
SUN PHARM,FENOFIBRATE,ORIG,1,AP,2017-09-07
GLENMARK PHARMS LTD,TRIAMCINOLONE ACETONIDE,ORIG,1,AP,2016-07-22
RISING,TRIAMCINOLONE ACETONIDE,ORIG,1,AP,2017-09-08
RISING,DAPSONE,ORIG,1,AP,2019-05-08
AMNEAL,LEVOLEUCOVORIN CALCIUM,ORIG,1,AP,2017-02-13
OXFORD PHARMS,METHYLPHENIDATE HYDROCHLORIDE,ORIG,1,AP,2014-09-23
ALKEM LABS LTD,RIZATRIPTAN BENZOATE,ORIG,1,AP,2016-02-18
ANI PHARMS,NEBIVOLOL HYDROCHLORIDE,ORIG,1,AP,2015-04-16
SUN PHARM,FOSAMPRENAVIR CALCIUM,ORIG,1,AP,2019-11-20
ANI PHARMS,DESIPRAMINE HYDROCHLORIDE,ORIG,1,AP,2016-10-28
INVAGEN PHARMS,PHENTERMINE HYDROCHLORIDE,ORIG,1,AP,2014-05-05
UNIQUE,LITHIUM CARBONATE,ORIG,1,AP,2015-07-27
HETERO LABS LTD V,PITAVASTATIN CALCIUM,ORIG,1,AP,2024-04-30
FRESENIUS KABI USA,AMIKACIN SULFATE,ORIG,1,AP,2015-12-09
MSN LABS PVT LTD,MACITENTAN,ORIG,1,TA,2023-02-24
TORRENT,APREMILAST,ORIG,1,AP,2025-06-20
LABORATORIOS GRIFOLS,SODIUM CHLORIDE 0.9% IN PLASTIC CONTAINER,ORIG,1,AP,2017-05-25
GLENMARK SPECLT,TRIAMCINOLONE ACETONIDE,ORIG,1,AP,2017-08-22
